country,import,export,needs,1/a,a,b
US,69.5,137.5,82.6,8.21948933,0.12166206,4.38
BX,9.5,0,-8.2,10.53097888,0.094957934,4.38
ELS,11,238.1,227.1,5.354899986,0.186744851,4.38
CHINA,139.1,0,-136.6,5.328018576,0.187687033,4.38
INDIA,35.8,0,-35.8,8.03778746,0.124412347,4.38
